opportunity_id,split
OPP-01034,train
OPP-02678,train
OPP-02877,train
OPP-02008,train
OPP-01504,train
OPP-02925,train
OPP-01483,train
OPP-02643,train
OPP-02874,train
OPP-02322,train
OPP-02834,train
OPP-01480,train
OPP-00915,train
OPP-01788,train
OPP-01236,train
OPP-02746,train
OPP-00501,train
OPP-00060,train
OPP-00545,train
OPP-02090,train
OPP-01891,train
OPP-00846,train
OPP-00603,train
OPP-00950,train
OPP-02367,train
OPP-00195,train
OPP-02742,train
OPP-00063,train
OPP-01343,train
OPP-01655,train
OPP-01768,train
OPP-02110,train
OPP-02652,train
OPP-02209,train
OPP-02450,train
OPP-01910,train
OPP-02835,train
OPP-01897,train
OPP-02687,train
OPP-01307,train
OPP-01445,train
OPP-00972,train
OPP-02503,train
OPP-00203,train
OPP-00118,train
OPP-01961,train
OPP-00143,train
OPP-00577,train
OPP-00608,train
OPP-02230,train
OPP-00918,train
OPP-00321,train
OPP-00655,train
OPP-02192,train
OPP-01534,train
OPP-02219,train
OPP-01200,train
OPP-02292,train
OPP-01047,train
OPP-01963,train
OPP-00866,train
OPP-02473,train
OPP-02195,train
OPP-02711,train
OPP-00417,train
OPP-01066,train
OPP-00521,train
OPP-02188,train
OPP-01542,train
OPP-02472,train
OPP-02125,train
OPP-01640,train
OPP-00987,train
OPP-01556,train
OPP-01404,train
OPP-02467,train
OPP-02006,train
OPP-02829,train
OPP-00124,train
OPP-02763,train
OPP-01636,train
OPP-01497,train
OPP-00257,train
OPP-01370,train
OPP-01260,train
OPP-01435,train
OPP-02021,train
OPP-01581,train
OPP-00027,train
OPP-01867,train
OPP-00967,train
OPP-02013,train
OPP-01321,train
OPP-02523,train
OPP-00688,train
OPP-00647,train
OPP-02876,train
OPP-02613,train
OPP-01561,train
OPP-02779,train
OPP-02983,train
OPP-00495,train
OPP-00266,train
OPP-00017,train
OPP-00368,train
OPP-01958,train
OPP-01286,train
OPP-01881,train
OPP-00960,train
OPP-00687,train
OPP-01530,train
OPP-00066,train
OPP-00211,train
OPP-02869,train
OPP-01136,train
OPP-02432,train
OPP-01472,train
OPP-00632,train
OPP-00878,train
OPP-01436,train
OPP-02547,train
OPP-00980,train
OPP-00616,train
OPP-00513,train
OPP-02861,train
OPP-00906,train
OPP-00559,train
OPP-00899,train
OPP-02879,train
OPP-02761,train
OPP-01196,train
OPP-00735,train
OPP-02466,train
OPP-02568,train
OPP-02579,train
OPP-02838,train
OPP-00239,train
OPP-02908,train
OPP-02469,train
OPP-01452,train
OPP-00801,train
OPP-02482,train
OPP-02069,train
OPP-00558,train
OPP-01676,train
OPP-02717,train
OPP-00092,train
OPP-00710,train
OPP-01979,train
OPP-01315,train
OPP-02221,train
OPP-02277,train
OPP-02881,train
OPP-01319,train
OPP-02807,train
OPP-00473,train
OPP-02580,train
OPP-01719,train
OPP-01695,train
OPP-01991,train
OPP-00825,train
OPP-01326,train
OPP-00177,train
OPP-02993,train
OPP-01266,train
OPP-02833,train
OPP-00088,train
OPP-01738,train
OPP-02440,train
OPP-02769,train
OPP-02389,train
OPP-00275,train
OPP-02313,train
OPP-00367,train
OPP-00614,train
OPP-02156,train
OPP-02964,train
OPP-01090,train
OPP-02688,train
OPP-01092,train
OPP-02204,train
OPP-02201,train
OPP-02449,train
OPP-01221,train
OPP-00534,train
OPP-01893,train
OPP-00069,train
OPP-00516,train
OPP-01067,train
OPP-02625,train
OPP-02369,train
OPP-00542,train
OPP-01152,train
OPP-00068,train
OPP-01001,train
OPP-00444,train
OPP-02379,train
OPP-02118,train
OPP-02334,train
OPP-01243,train
OPP-02934,train
OPP-00362,train
OPP-02298,train
OPP-01122,train
OPP-01691,train
OPP-01407,train
OPP-02290,train
OPP-00790,train
OPP-02980,train
OPP-02435,train
OPP-01970,train
OPP-01229,train
OPP-01412,train
OPP-01547,train
OPP-02994,train
OPP-01114,train
OPP-01652,train
OPP-02663,train
OPP-01706,train
OPP-02120,train
OPP-02596,train
OPP-02607,train
OPP-02776,train
OPP-02710,train
OPP-00476,train
OPP-02387,train
OPP-01455,train
OPP-02534,train
OPP-00732,train
OPP-00293,train
OPP-00310,train
OPP-02967,train
OPP-00970,train
OPP-01449,train
OPP-00625,train
OPP-01505,train
OPP-01348,train
OPP-00209,train
OPP-01470,train
OPP-01185,train
OPP-00951,train
OPP-00686,train
OPP-02122,train
OPP-02664,train
OPP-02368,train
OPP-02662,train
OPP-02289,train
OPP-00336,train
OPP-00620,train
OPP-02311,train
OPP-02337,train
OPP-00291,train
OPP-00758,train
OPP-01227,train
OPP-01815,train
OPP-00963,train
OPP-00427,train
OPP-00703,train
OPP-01790,train
OPP-02461,train
OPP-01770,train
OPP-00633,train
OPP-00224,train
OPP-02150,train
OPP-00897,train
OPP-00859,train
OPP-02713,train
OPP-01489,train
OPP-00873,train
OPP-00023,train
OPP-01742,train
OPP-01839,train
OPP-02962,train
OPP-01382,train
OPP-01426,train
OPP-02089,train
OPP-01172,train
OPP-00533,train
OPP-00720,train
OPP-01209,train
OPP-02420,train
OPP-02247,train
OPP-02727,train
OPP-02003,train
OPP-01250,train
OPP-00907,train
OPP-02942,train
OPP-02660,train
OPP-02674,train
OPP-01608,train
OPP-00103,train
OPP-01334,train
OPP-02766,train
OPP-01548,train
OPP-02591,train
OPP-00433,train
OPP-01474,train
OPP-00586,train
OPP-00281,train
OPP-01352,train
OPP-01115,train
OPP-01191,train
OPP-01657,train
OPP-01469,train
OPP-00591,train
OPP-00983,train
OPP-01952,train
OPP-01415,train
OPP-01467,train
OPP-01526,train
OPP-02183,train
OPP-01068,train
OPP-00464,train
OPP-01043,train
OPP-00166,train
OPP-00354,train
OPP-00087,train
OPP-01623,train
OPP-01692,train
OPP-02478,train
OPP-00568,train
OPP-01409,train
OPP-00498,train
OPP-02656,train
OPP-02794,train
OPP-01459,train
OPP-00346,train
OPP-02873,train
OPP-00384,train
OPP-00657,train
OPP-02978,train
OPP-02186,train
OPP-02434,train
OPP-02916,train
OPP-00565,train
OPP-00927,train
OPP-01095,train
OPP-02398,train
OPP-01782,train
OPP-01210,train
OPP-00278,train
OPP-01927,train
OPP-02328,train
OPP-02093,train
OPP-01722,train
OPP-00596,train
OPP-00357,train
OPP-02661,train
OPP-01171,train
OPP-00165,train
OPP-02224,train
OPP-01541,train
OPP-00810,train
OPP-01230,train
OPP-00345,train
OPP-00896,train
OPP-00865,train
OPP-02844,train
OPP-01473,train
OPP-02800,train
OPP-01048,train
OPP-02975,train
OPP-02043,train
OPP-00890,train
OPP-01743,train
OPP-00745,train
OPP-00587,train
OPP-01995,train
OPP-00102,train
OPP-00398,train
OPP-01628,train
OPP-02642,train
OPP-01112,train
OPP-02102,train
OPP-01906,train
OPP-01097,train
OPP-00175,train
OPP-01940,train
OPP-00681,train
OPP-01261,train
OPP-00251,train
OPP-02739,train
OPP-00893,train
OPP-02546,train
OPP-02939,train
OPP-00496,train
OPP-02923,train
OPP-00039,train
OPP-02271,train
OPP-00335,train
OPP-02628,train
OPP-00392,train
OPP-01495,train
OPP-02326,train
OPP-02965,train
OPP-00998,train
OPP-01493,train
OPP-01729,train
OPP-00342,train
OPP-02582,train
OPP-01251,train
OPP-01741,train
OPP-02132,train
OPP-00434,train
OPP-02007,train
OPP-01117,train
OPP-02528,train
OPP-00541,train
OPP-02315,train
OPP-01363,train
OPP-00982,train
OPP-00137,train
OPP-01313,train
OPP-01201,train
OPP-01496,train
OPP-01193,train
OPP-00107,train
OPP-01223,train
OPP-00938,train
OPP-01464,train
OPP-00116,train
OPP-00283,train
OPP-01401,train
OPP-00472,train
OPP-01724,train
OPP-01013,train
OPP-02910,train
OPP-00716,train
OPP-01990,train
OPP-00049,train
OPP-00098,train
OPP-01212,train
OPP-01060,train
OPP-01035,train
OPP-00304,train
OPP-00217,train
OPP-00858,train
OPP-02641,train
OPP-01456,train
OPP-00722,train
OPP-00572,train
OPP-00248,train
OPP-01802,train
OPP-01908,train
OPP-01969,train
OPP-01725,train
OPP-02510,train
OPP-02786,train
OPP-02788,train
OPP-01632,train
OPP-01241,train
OPP-01454,train
OPP-01962,train
OPP-02584,train
OPP-01372,train
OPP-00869,train
OPP-02028,train
OPP-00150,train
OPP-01673,train
OPP-01356,train
OPP-01992,train
OPP-02703,train
OPP-00959,train
OPP-02949,train
OPP-01708,train
OPP-02115,train
OPP-00847,train
OPP-00785,train
OPP-02989,train
OPP-02433,train
OPP-01943,train
OPP-00136,train
OPP-00077,train
OPP-00135,train
OPP-02446,train
OPP-00644,train
OPP-00147,train
OPP-02226,train
OPP-02745,train
OPP-02033,train
OPP-01045,train
OPP-00040,train
OPP-00042,train
OPP-02883,train
OPP-01836,train
OPP-00921,train
OPP-01434,train
OPP-00125,train
OPP-01118,train
OPP-01853,train
OPP-00299,train
OPP-01771,train
OPP-00508,train
OPP-00807,train
OPP-00594,train
OPP-02812,train
OPP-02564,train
OPP-01593,train
OPP-02513,train
OPP-02936,train
OPP-02199,train
OPP-01214,train
OPP-01341,train
OPP-01595,train
OPP-00944,train
OPP-01342,train
OPP-01903,train
OPP-02518,train
OPP-01447,train
OPP-01972,train
OPP-00297,train
OPP-02404,train
OPP-00784,train
OPP-02078,train
OPP-01563,train
OPP-02081,train
OPP-00512,train
OPP-01659,train
OPP-01714,train
OPP-00322,train
OPP-01587,train
OPP-02902,train
OPP-01920,train
OPP-02878,train
OPP-01169,train
OPP-00171,train
OPP-02319,train
OPP-00094,train
OPP-01471,train
OPP-01448,train
OPP-02158,train
OPP-01305,train
OPP-00213,train
OPP-01292,train
OPP-00749,train
OPP-02479,train
OPP-00407,train
OPP-02837,train
OPP-01396,train
OPP-00804,train
OPP-01957,train
OPP-02557,train
OPP-00093,train
OPP-00948,train
OPP-02280,train
OPP-02856,train
OPP-02057,train
OPP-01252,train
OPP-01756,train
OPP-00752,train
OPP-00157,train
OPP-02915,train
OPP-00940,train
OPP-00585,train
OPP-00909,train
OPP-01481,train
OPP-02321,train
OPP-01887,train
OPP-00908,train
OPP-01289,train
OPP-00500,train
OPP-02152,train
OPP-02228,train
OPP-00364,train
OPP-02882,train
OPP-02814,train
OPP-00106,train
OPP-02527,train
OPP-01699,train
OPP-00373,train
OPP-00189,train
OPP-02576,train
OPP-02681,train
OPP-02757,train
OPP-00112,train
OPP-00650,train
OPP-02409,train
OPP-01748,train
OPP-02053,train
OPP-02126,train
OPP-01949,train
OPP-01987,train
OPP-00404,train
OPP-01885,train
OPP-00330,train
OPP-00607,train
OPP-02439,train
OPP-01365,train
OPP-01111,train
OPP-01175,train
OPP-01720,train
OPP-00618,train
OPP-02828,train
OPP-02955,train
OPP-01393,train
OPP-02155,train
OPP-02038,train
OPP-02109,train
OPP-00697,train
OPP-01391,train
OPP-00747,train
OPP-00675,train
OPP-02365,train
OPP-00540,train
OPP-02067,train
OPP-02098,train
OPP-02362,train
OPP-00760,train
OPP-02403,train
OPP-00525,train
OPP-00303,train
OPP-02810,train
OPP-01546,train
OPP-01669,train
OPP-00777,train
OPP-02055,train
OPP-00933,train
OPP-02181,train
OPP-01077,train
OPP-01610,train
OPP-01774,train
OPP-02501,train
OPP-01287,train
OPP-00474,train
OPP-01333,train
OPP-00236,train
OPP-01631,train
OPP-01726,train
OPP-00406,train
OPP-02465,train
OPP-02859,train
OPP-02375,train
OPP-01666,train
OPP-01603,train
OPP-02706,train
OPP-02966,train
OPP-01262,train
OPP-00114,train
OPP-02050,train
OPP-02241,train
OPP-01004,train
OPP-01042,train
OPP-02992,train
OPP-01027,train
OPP-00725,train
OPP-01503,train
OPP-00412,train
OPP-00084,train
OPP-02471,train
OPP-01529,train
OPP-00238,train
OPP-02990,train
OPP-01718,train
OPP-02456,train
OPP-01755,train
OPP-02444,train
OPP-01746,train
OPP-00359,train
OPP-01133,train
OPP-01502,train
OPP-01476,train
OPP-01146,train
OPP-00458,train
OPP-02753,train
OPP-02301,train
OPP-00263,train
OPP-00952,train
OPP-02275,train
OPP-01985,train
OPP-02894,train
OPP-01187,train
OPP-00489,train
OPP-01894,train
OPP-01178,train
OPP-01589,train
OPP-00617,train
OPP-01702,train
OPP-00780,train
OPP-00778,train
OPP-00975,train
OPP-02960,train
OPP-02535,train
OPP-02062,train
OPP-00536,train
OPP-01971,train
OPP-02447,train
OPP-00240,train
OPP-01950,train
OPP-02254,train
OPP-02751,train
OPP-00814,train
OPP-00904,train
OPP-02558,train
OPP-00033,train
OPP-01851,train
OPP-01700,train
OPP-02802,train
OPP-01575,train
OPP-01249,train
OPP-00719,train
OPP-00750,train
OPP-00680,train
OPP-02212,train
OPP-02431,train
OPP-02314,train
OPP-01648,train
OPP-02820,train
OPP-02901,train
OPP-01921,train
OPP-01132,train
OPP-00864,train
OPP-02318,train
OPP-01687,train
OPP-02806,train
OPP-00962,train
OPP-00961,train
OPP-00328,train
OPP-02094,train
OPP-00221,train
OPP-01521,train
OPP-00736,train
OPP-02818,train
OPP-01711,train
OPP-01096,train
OPP-00232,train
OPP-00797,train
OPP-00993,train
OPP-01758,train
OPP-02691,train
OPP-02483,train
OPP-01108,train
OPP-01284,train
OPP-00056,train
OPP-01485,train
OPP-00879,train
OPP-00900,train
OPP-02571,train
OPP-00606,train
OPP-01915,train
OPP-01680,train
OPP-02010,train
OPP-01641,train
OPP-00730,train
OPP-01104,train
OPP-01554,train
OPP-02279,train
OPP-00461,train
OPP-00276,train
OPP-00115,train
OPP-02218,train
OPP-01531,train
OPP-00811,train
OPP-02855,train
OPP-02074,train
OPP-01487,train
OPP-01239,train
OPP-02973,train
OPP-01064,train
OPP-02811,train
OPP-01634,train
OPP-02372,train
OPP-01438,train
OPP-02345,train
OPP-00926,train
OPP-01450,train
OPP-01573,train
OPP-01362,train
OPP-02436,train
OPP-02256,train
OPP-02133,train
OPP-00371,train
OPP-01580,train
OPP-02099,train
OPP-01690,train
OPP-01528,train
OPP-02830,train
OPP-01723,train
OPP-02614,train
OPP-01142,train
OPP-00853,train
OPP-00571,train
OPP-00262,train
OPP-00549,train
OPP-01579,train
OPP-00121,train
OPP-00977,train
OPP-01749,train
OPP-02079,train
OPP-00949,train
OPP-00007,train
OPP-01057,train
OPP-02174,train
OPP-02675,train
OPP-00191,train
OPP-02004,train
OPP-02397,train
OPP-01677,train
OPP-02445,train
OPP-00885,train
OPP-02416,train
OPP-02940,train
OPP-01674,train
OPP-01063,train
OPP-02808,train
OPP-02783,train
OPP-02182,train
OPP-01020,train
OPP-00393,train
OPP-01831,train
OPP-00163,train
OPP-02843,train
OPP-00713,train
OPP-02666,train
OPP-02659,train
OPP-02146,train
OPP-00395,train
OPP-00663,train
OPP-01844,train
OPP-01213,train
OPP-02106,train
OPP-00438,train
OPP-02754,train
OPP-01507,train
OPP-01437,train
OPP-00806,train
OPP-00462,train
OPP-00243,train
OPP-02339,train
OPP-01806,train
OPP-01837,train
OPP-00416,train
OPP-00048,train
OPP-01267,train
OPP-01814,train
OPP-00891,train
OPP-00254,train
OPP-01420,train
OPP-00174,train
OPP-00524,train
OPP-02731,train
OPP-01154,train
OPP-00693,train
OPP-01945,train
OPP-02418,train
OPP-01161,train
OPP-02121,train
OPP-02615,train
OPP-02968,train
OPP-00829,train
OPP-02108,train
OPP-02329,train
OPP-00298,train
OPP-01065,train
OPP-01613,train
OPP-02575,train
OPP-02124,train
OPP-00717,train
OPP-01394,train
OPP-00712,train
OPP-01107,train
OPP-01290,train
OPP-00296,train
OPP-00141,train
OPP-00704,train
OPP-01592,train
OPP-01550,train
OPP-00196,train
OPP-02486,train
OPP-01202,train
OPP-01088,train
OPP-01798,train
OPP-00145,train
OPP-02448,train
OPP-01224,train
OPP-00764,train
OPP-00868,train
OPP-02686,train
OPP-01966,train
OPP-01935,train
OPP-02790,train
OPP-00757,train
OPP-01347,train
OPP-00264,train
OPP-00108,train
OPP-01162,train
OPP-02544,train
OPP-00096,train
OPP-02300,train
OPP-02804,train
OPP-02702,train
OPP-00441,train
OPP-01345,train
OPP-01461,train
OPP-01763,train
OPP-00265,train
OPP-00428,train
OPP-02657,train
OPP-01737,train
OPP-02046,train
OPP-02299,train
OPP-01294,train
OPP-00097,train
OPP-00183,train
OPP-00436,train
OPP-00448,train
OPP-02014,train
OPP-01901,train
OPP-00652,train
OPP-01076,train
OPP-00413,train
OPP-00737,train
OPP-00709,train
OPP-02627,train
OPP-01280,train
OPP-01911,train
OPP-02559,train
OPP-00456,train
OPP-01177,train
OPP-01545,train
OPP-01989,train
OPP-02573,train
OPP-00727,train
OPP-02293,train
OPP-01061,train
OPP-00105,train
OPP-00388,train
OPP-00477,train
OPP-02025,train
OPP-01884,train
OPP-00848,train
OPP-01273,train
OPP-00429,train
OPP-01441,train
OPP-00566,train
OPP-02930,train
OPP-00044,train
OPP-01256,train
OPP-02599,train
OPP-02945,train
OPP-01856,train
OPP-01639,train
OPP-01188,train
OPP-02692,train
OPP-02020,train
OPP-01642,train
OPP-01395,train
OPP-02954,train
OPP-01091,train
OPP-01646,train
OPP-00742,train
OPP-01371,train
OPP-01431,train
OPP-02977,train
OPP-00860,train
OPP-00122,train
OPP-02867,train
OPP-02030,train
OPP-00355,train
OPP-00361,train
OPP-02229,train
OPP-02492,train
OPP-00200,train
OPP-00646,train
OPP-02712,train
OPP-00928,train
OPP-00705,train
OPP-02373,train
OPP-00327,train
OPP-02898,train
OPP-02918,train
OPP-01123,train
OPP-00405,train
OPP-00677,train
OPP-00288,train
OPP-01532,train
OPP-00080,train
OPP-00391,train
OPP-02371,train
OPP-01205,train
OPP-00823,train
OPP-00979,train
OPP-01247,train
OPP-02888,train
OPP-01494,train
OPP-01355,train
OPP-02705,train
OPP-01451,train
OPP-01361,train
OPP-01019,train
OPP-01823,train
OPP-01195,train
OPP-00772,train
OPP-02857,train
OPP-00186,train
OPP-00798,train
OPP-00487,train
OPP-02583,train
OPP-00898,train
OPP-02272,train
OPP-01899,train
OPP-00765,train
OPP-00635,train
OPP-01617,train
OPP-01941,train
OPP-02578,train
OPP-02255,train
OPP-02777,train
OPP-02402,train
OPP-01880,train
OPP-01138,train
OPP-01131,train
OPP-00743,train
OPP-02872,train
OPP-01713,train
OPP-01510,train
OPP-02748,train
OPP-02309,train
OPP-02071,train
OPP-01397,train
OPP-02011,train
OPP-02391,train
OPP-00110,train
OPP-01366,train
OPP-01440,train
OPP-01184,train
OPP-01130,train
OPP-00763,train
OPP-01021,train
OPP-01208,train
OPP-00578,train
OPP-00856,train
OPP-01308,train
OPP-00694,train
OPP-01408,train
OPP-00050,train
OPP-01591,train
OPP-01744,train
OPP-00004,train
OPP-00867,train
OPP-00160,train
OPP-00446,train
OPP-00990,train
OPP-00813,train
OPP-02335,train
OPP-02912,train
OPP-01981,train
OPP-01491,train
OPP-00279,train
OPP-00629,train
OPP-00638,train
OPP-00383,train
OPP-02866,train
OPP-01986,train
OPP-03000,train
OPP-00494,train
OPP-00544,train
OPP-01465,train
OPP-00095,train
OPP-01769,train
OPP-00172,train
OPP-00803,train
OPP-02457,train
OPP-02083,train
OPP-00662,train
OPP-00991,train
OPP-02438,train
OPP-02984,train
OPP-02153,train
OPP-02935,train
OPP-00654,train
OPP-02358,train
OPP-00390,train
OPP-01421,train
OPP-01383,train
OPP-02709,train
OPP-00269,train
OPP-01275,train
OPP-02426,train
OPP-00139,train
OPP-02893,train
OPP-00041,train
OPP-02941,train
OPP-00181,train
OPP-01601,train
OPP-01164,train
OPP-02816,train
OPP-01167,train
OPP-01145,train
OPP-02180,train
OPP-01303,train
OPP-01198,train
OPP-02244,train
OPP-01928,train
OPP-00531,train
OPP-00610,train
OPP-00365,train
OPP-02364,train
OPP-02012,train
OPP-01264,train
OPP-00481,train
OPP-02160,train
OPP-00666,train
OPP-02658,train
OPP-01588,train
OPP-01644,train
OPP-00372,train
OPP-01381,train
OPP-01410,train
OPP-02451,train
OPP-02394,train
OPP-01225,train
OPP-00815,train
OPP-00667,train
OPP-01635,train
OPP-01036,train
OPP-01993,train
OPP-01622,train
OPP-00241,train
OPP-00683,train
OPP-02594,train
OPP-01125,train
OPP-01460,train
OPP-02135,train
OPP-01796,train
OPP-01174,train
OPP-02723,train
OPP-00008,train
OPP-00382,train
OPP-01373,train
OPP-01537,train
OPP-01625,train
OPP-02036,train
OPP-01270,train
OPP-02487,train
OPP-00111,train
OPP-01779,train
OPP-02029,train
OPP-00999,train
OPP-02633,train
OPP-00156,train
OPP-02770,train
OPP-02252,train
OPP-02184,train
OPP-01879,train
OPP-02988,train
OPP-01306,train
OPP-01490,train
OPP-01031,train
OPP-00086,train
OPP-01895,train
OPP-01776,train
OPP-01912,train
OPP-02095,train
OPP-02631,train
OPP-01926,train
OPP-00789,train
OPP-02885,train
OPP-00078,train
OPP-02237,train
OPP-02840,train
OPP-02971,train
OPP-02143,train
OPP-00067,train
OPP-00579,train
OPP-02073,train
OPP-01417,train
OPP-01157,train
OPP-00925,train
OPP-01148,train
OPP-01861,train
OPP-00739,train
OPP-00326,train
OPP-00424,train
OPP-02441,train
OPP-01514,train
OPP-00786,train
OPP-00188,train
OPP-02548,train
OPP-00648,train
OPP-01663,train
OPP-01559,train
OPP-00152,train
OPP-02671,train
OPP-01143,train
OPP-02197,train
OPP-01564,train
OPP-00161,train
OPP-00057,train
OPP-00204,train
OPP-00100,train
OPP-01620,train
OPP-00562,train
OPP-01822,train
OPP-02259,train
OPP-02721,train
OPP-02729,train
OPP-00771,train
OPP-01590,train
OPP-01310,train
OPP-02765,train
OPP-01570,train
OPP-02107,train
OPP-01832,train
OPP-00214,train
OPP-00343,train
OPP-00955,train
OPP-00453,train
OPP-02356,train
OPP-01727,train
OPP-01272,train
OPP-00167,train
OPP-01834,train
OPP-01192,train
OPP-01902,train
OPP-01574,train
OPP-00548,train
OPP-02603,train
OPP-01049,train
OPP-02243,train
OPP-00619,train
OPP-02574,train
OPP-02193,train
OPP-02773,train
OPP-02494,train
OPP-01073,train
OPP-00162,train
OPP-00408,train
OPP-01113,train
OPP-02981,train
OPP-00728,train
OPP-01998,train
OPP-02948,train
OPP-00913,train
OPP-00414,train
OPP-00120,train
OPP-02924,train
OPP-00271,train
OPP-01751,train
OPP-01218,train
OPP-01668,train
OPP-01898,train
OPP-00672,train
OPP-00065,train
OPP-00485,train
OPP-00353,train
OPP-00658,train
OPP-00895,train
OPP-00073,train
OPP-02725,train
OPP-01794,train
OPP-02269,train
OPP-00795,train
OPP-00126,train
OPP-00941,train
OPP-00740,train
OPP-02082,train
OPP-01129,train
OPP-00101,train
OPP-00923,train
OPP-02092,train
OPP-00369,train
OPP-02772,train
OPP-02114,train
OPP-02985,train
OPP-02327,train
OPP-02555,train
OPP-02622,train
OPP-01425,train
OPP-00331,train
OPP-01872,train
OPP-02191,train
OPP-02987,train
OPP-01074,train
OPP-00187,train
OPP-01054,train
OPP-02187,train
OPP-00624,train
OPP-02310,train
OPP-01797,train
OPP-01660,train
OPP-00037,train
OPP-01845,train
OPP-02253,train
OPP-02085,train
OPP-01883,train
OPP-02261,train
OPP-00510,train
OPP-02588,train
OPP-02317,train
OPP-00833,train
OPP-00782,train
OPP-01084,train
OPP-00698,train
OPP-02759,train
OPP-00216,train
OPP-00930,train
OPP-00679,train
OPP-01078,train
OPP-00580,train
OPP-02865,train
OPP-00319,train
OPP-02005,train
OPP-02357,train
OPP-01024,train
OPP-02304,train
OPP-02018,train
OPP-02291,train
OPP-00320,train
OPP-02937,train
OPP-00402,train
OPP-01379,train
OPP-01062,train
OPP-02080,train
OPP-02682,train
OPP-02490,train
OPP-01759,train
OPP-01276,train
OPP-01558,train
OPP-00394,train
OPP-02459,train
OPP-02166,train
OPP-01760,train
OPP-02750,train
OPP-02906,train
OPP-01163,train
OPP-02468,train
OPP-02348,train
OPP-02019,train
OPP-02630,train
OPP-01533,train
OPP-01124,train
OPP-02488,train
OPP-01672,train
OPP-01977,train
OPP-00497,train
OPP-02207,train
OPP-00824,train
OPP-01462,train
OPP-00234,train
OPP-02545,train
OPP-02963,train
OPP-01609,train
OPP-01419,train
OPP-02343,train
OPP-00976,train
OPP-01367,train
OPP-02618,train
OPP-00089,train
OPP-01712,train
OPP-00021,train
OPP-02077,train
OPP-01728,train
OPP-02636,train
OPP-01338,train
OPP-01888,train
OPP-00699,train
OPP-01947,train
OPP-02320,train
OPP-00190,train
OPP-00356,train
OPP-01190,train
OPP-00595,train
OPP-00708,train
OPP-01865,train
OPP-02035,train
OPP-02500,train
OPP-00454,train
OPP-00626,train
OPP-01810,train
OPP-02419,train
OPP-02480,train
OPP-02515,train
OPP-02406,train
OPP-00207,train
OPP-00755,train
OPP-02262,train
OPP-01349,train
OPP-02415,train
OPP-00113,train
OPP-01651,train
OPP-01406,train
OPP-00966,train
OPP-01953,train
OPP-02287,train
OPP-01892,train
OPP-00389,train
OPP-02801,train
OPP-01855,train
OPP-01882,train
OPP-02623,train
OPP-00770,train
OPP-02264,train
OPP-00851,train
OPP-02782,train
OPP-01026,train
OPP-01258,train
OPP-02540,train
OPP-00861,train
OPP-02785,train
OPP-01509,train
OPP-02104,train
OPP-01813,train
OPP-00920,train
OPP-01647,train
OPP-01946,train
OPP-01585,train
OPP-01041,train
OPP-02208,train
OPP-02998,train
OPP-00358,train
OPP-01369,train
OPP-01965,train
OPP-02167,train
OPP-00459,train
OPP-02169,train
OPP-02646,train
OPP-01153,train
OPP-02841,train
OPP-00769,train
OPP-01944,train
OPP-02943,train
OPP-00334,train
OPP-01665,train
OPP-02060,train
OPP-00479,train
OPP-01442,train
OPP-02795,train
OPP-02164,train
OPP-00627,train
OPP-02920,train
OPP-01925,train
OPP-00902,train
OPP-00738,train
OPP-01424,train
OPP-02064,train
OPP-02084,train
OPP-02768,train
OPP-00047,train
OPP-02096,train
OPP-02668,train
OPP-01731,train
OPP-00700,train
OPP-02282,train
OPP-00079,train
OPP-00674,train
OPP-02726,train
OPP-02951,train
OPP-02827,train
OPP-01619,train
OPP-02979,train
OPP-01501,train
OPP-00366,train
OPP-01277,train
OPP-00197,train
OPP-02875,train
OPP-01100,train
OPP-02475,train
OPP-02112,train
OPP-02542,train
OPP-01368,train
OPP-00773,train
OPP-02295,train
OPP-02944,train
OPP-00451,train
OPP-01948,train
OPP-01075,train
OPP-02612,train
OPP-01378,train
OPP-01956,train
OPP-02570,train
OPP-02609,train
OPP-02771,train
OPP-01070,train
OPP-01904,train
OPP-02904,train
OPP-02733,train
OPP-00258,train
OPP-01586,train
OPP-02847,train
OPP-00805,train
OPP-02068,train
OPP-02400,train
OPP-02958,train
OPP-02870,train
OPP-01314,train
OPP-01562,train
OPP-02899,train
OPP-02056,train
OPP-01955,train
OPP-01840,train
OPP-02959,train
OPP-00274,train
OPP-02130,train
OPP-00134,train
OPP-00074,train
OPP-01933,train
OPP-00119,train
OPP-00212,train
OPP-01525,train
OPP-00756,train
OPP-01799,train
OPP-01860,train
OPP-01511,train
OPP-00443,train
OPP-00109,train
OPP-01488,train
OPP-00550,train
OPP-01524,train
OPP-00324,train
OPP-00504,train
OPP-01683,train
OPP-02695,train
OPP-00673,train
OPP-01816,train
OPP-01624,train
OPP-02430,train
OPP-02274,train
OPP-02424,train
OPP-00996,train
OPP-00164,train
OPP-00471,train
OPP-00839,train
OPP-01128,train
OPP-01278,train
OPP-01098,train
OPP-00447,train
OPP-02151,train
OPP-01331,train
OPP-01543,train
OPP-00001,train
OPP-01492,train
OPP-02407,train
OPP-01242,train
OPP-02470,train
OPP-01930,train
OPP-02103,train
OPP-01116,train
OPP-00486,train
OPP-02905,train
OPP-02453,train
OPP-01967,train
OPP-02485,train
OPP-01168,train
OPP-00557,train
OPP-02427,train
OPP-00556,train
OPP-01281,train
OPP-02070,train
OPP-02017,train
OPP-02514,train
OPP-01053,train
OPP-01165,train
OPP-00470,train
OPP-01506,train
OPP-01265,train
OPP-01000,train
OPP-02336,train
OPP-00493,train
OPP-01870,train
OPP-00946,train
OPP-00123,train
OPP-00223,train
OPP-00132,train
OPP-01583,train
OPP-02845,train
OPP-00505,train
OPP-01484,train
OPP-01299,train
OPP-02651,train
OPP-00509,train
OPP-01051,train
OPP-01512,train
OPP-00971,train
OPP-02134,train
OPP-00515,train
OPP-02384,train
OPP-01909,train
OPP-01777,train
OPP-01302,train
OPP-02039,train
OPP-00768,train
OPP-02650,train
OPP-01643,train
OPP-00828,train
OPP-00316,train
OPP-00881,train
OPP-02408,train
OPP-02676,train
OPP-02744,train
OPP-02502,train
OPP-01553,train
OPP-02344,train
OPP-01499,train
OPP-00036,train
OPP-01327,train
OPP-02382,train
OPP-01721,train
OPP-00019,train
OPP-01245,train
OPP-01638,train
OPP-00826,train
OPP-02266,train
OPP-00822,train
OPP-01329,train
OPP-02560,train
OPP-00379,train
OPP-02325,train
OPP-02063,train
OPP-01336,train
OPP-01283,train
OPP-00522,train
OPP-02999,train
OPP-00741,train
OPP-00942,train
OPP-02685,train
OPP-00006,train
OPP-02023,train
OPP-02914,train
OPP-00831,train
OPP-00418,train
OPP-00457,train
OPP-00376,train
OPP-00325,train
OPP-00380,train
OPP-02566,train
OPP-01578,train
OPP-02755,train
OPP-01745,train
OPP-02330,train
OPP-02267,train
OPP-01519,train
OPP-01206,train
OPP-00178,train
OPP-02505,train
OPP-02621,train
OPP-00664,train
OPP-00711,train
OPP-00153,train
OPP-02213,train
OPP-01857,train
OPP-02276,train
OPP-02240,train
OPP-00475,train
OPP-01046,train
OPP-00849,train
OPP-00985,train
OPP-02722,train
OPP-01765,train
OPP-01876,train
OPP-00282,train
OPP-00133,train
OPP-01219,train
OPP-00403,train
OPP-00567,train
OPP-00016,train
OPP-01135,train
OPP-02567,train
OPP-00219,train
OPP-01323,train
OPP-02593,train
OPP-01752,train
OPP-01354,train
OPP-01087,train
OPP-01976,train
OPP-01803,train
OPP-01137,train
OPP-02900,train
OPP-02495,train
OPP-00483,train
OPP-00465,train
OPP-00656,train
OPP-00599,train
OPP-02034,train
OPP-02032,train
OPP-01197,train
OPP-01300,train
OPP-01649,train
OPP-00071,train
OPP-02892,train
OPP-02896,train
OPP-02234,train
OPP-00573,train
OPP-02986,train
OPP-00965,train
OPP-01929,train
OPP-01597,train
OPP-01298,train
OPP-01180,train
OPP-01555,train
OPP-00210,train
OPP-02525,train
OPP-01671,train
OPP-02690,train
OPP-01767,train
OPP-00218,train
OPP-00581,train
OPP-00701,train
OPP-00623,train
OPP-01762,train
OPP-01017,train
OPP-00894,train
OPP-02803,train
OPP-02393,train
OPP-00836,train
OPP-01232,train
OPP-01596,train
OPP-00252,train
OPP-02563,train
OPP-01094,train
OPP-01862,train
OPP-01141,train
OPP-00338,train
OPP-01238,train
OPP-02425,train
OPP-01739,train
OPP-01101,train
OPP-02635,train
OPP-02481,train
OPP-01428,train
OPP-02504,train
OPP-02715,train
OPP-00964,train
OPP-02392,train
OPP-02541,train
OPP-02597,train
OPP-00802,train
OPP-02088,train
OPP-02455,train
OPP-01830,train
OPP-00012,train
OPP-02822,train
OPP-02792,train
OPP-01829,train
OPP-00796,train
OPP-02163,train
OPP-02995,train
OPP-00488,train
OPP-00774,train
OPP-00517,train
OPP-00783,train
OPP-01376,train
OPP-01296,train
OPP-00146,train
OPP-01029,train
OPP-01380,train
OPP-00834,train
OPP-02728,train
OPP-02863,train
OPP-00636,train
OPP-00653,train
OPP-01056,train
OPP-01402,train
OPP-01058,train
OPP-00396,train
OPP-02179,train
OPP-01560,train
OPP-01917,train
OPP-01931,train
OPP-00090,train
OPP-01390,train
OPP-01028,train
OPP-00350,train
OPP-01875,train
OPP-00799,train
OPP-02586,train
OPP-01841,train
OPP-02040,train
OPP-00905,train
OPP-02532,train
OPP-01766,train
OPP-00841,train
OPP-01199,train
OPP-02042,train
OPP-02111,train
OPP-00030,train
OPP-00054,train
OPP-02550,train
OPP-01317,train
OPP-01339,train
OPP-02491,train
OPP-02707,train
OPP-02484,train
OPP-00939,train
OPP-01984,train
OPP-02024,train
OPP-02648,train
OPP-02552,train
OPP-02489,train
OPP-00300,train
OPP-01293,train
OPP-00880,train
OPP-01081,train
OPP-02961,train
OPP-02851,train
OPP-01938,train
OPP-01835,train
OPP-00253,train
OPP-00173,train
OPP-01866,train
OPP-01295,train
OPP-00506,validation
OPP-01121,validation
OPP-00555,validation
OPP-02595,validation
OPP-00268,validation
OPP-01707,validation
OPP-02454,validation
OPP-00888,validation
OPP-00104,validation
OPP-00431,validation
OPP-02626,validation
OPP-01577,validation
OPP-00082,validation
OPP-02819,validation
OPP-00685,validation
OPP-01689,validation
OPP-01907,validation
OPP-02283,validation
OPP-02699,validation
OPP-02982,validation
OPP-00543,validation
OPP-01936,validation
OPP-00539,validation
OPP-00641,validation
OPP-02797,validation
OPP-01513,validation
OPP-02437,validation
OPP-01557,validation
OPP-01335,validation
OPP-00912,validation
OPP-00929,validation
OPP-02058,validation
OPP-01942,validation
OPP-02411,validation
OPP-02775,validation
OPP-00208,validation
OPP-01102,validation
OPP-02045,validation
OPP-01226,validation
OPP-01009,validation
OPP-02238,validation
OPP-02232,validation
OPP-01147,validation
OPP-02864,validation
OPP-01804,validation
OPP-01696,validation
OPP-00684,validation
OPP-01616,validation
OPP-00333,validation
OPP-00593,validation
OPP-01040,validation
OPP-02352,validation
OPP-00314,validation
OPP-00919,validation
OPP-02138,validation
OPP-01176,validation
OPP-00272,validation
OPP-01685,validation
OPP-02249,validation
OPP-00600,validation
OPP-02037,validation
OPP-01932,validation
OPP-01025,validation
OPP-01384,validation
OPP-02086,validation
OPP-01809,validation
OPP-02139,validation
OPP-01337,validation
OPP-01399,validation
OPP-01233,validation
OPP-02697,validation
OPP-00285,validation
OPP-02159,validation
OPP-00602,validation
OPP-00273,validation
OPP-00551,validation
OPP-01918,validation
OPP-00628,validation
OPP-01730,validation
OPP-00231,validation
OPP-01789,validation
OPP-02601,validation
OPP-02462,validation
OPP-01974,validation
OPP-01842,validation
OPP-00179,validation
OPP-02000,validation
OPP-01304,validation
OPP-01859,validation
OPP-02338,validation
OPP-01160,validation
OPP-00576,validation
OPP-02823,validation
OPP-00401,validation
OPP-01237,validation
OPP-02846,validation
OPP-00202,validation
OPP-00267,validation
OPP-00553,validation
OPP-00676,validation
OPP-00426,validation
OPP-00726,validation
OPP-02308,validation
OPP-02233,validation
OPP-00560,validation
OPP-00233,validation
OPP-01793,validation
OPP-01544,validation
OPP-02590,validation
OPP-02696,validation
OPP-01736,validation
OPP-01463,validation
OPP-00690,validation
OPP-00832,validation
OPP-01429,validation
OPP-00537,validation
OPP-02738,validation
OPP-02848,validation
OPP-02231,validation
OPP-00058,validation
OPP-01358,validation
OPP-02598,validation
OPP-02589,validation
OPP-02689,validation
OPP-00468,validation
OPP-01871,validation
OPP-01151,validation
OPP-00142,validation
OPP-01919,validation
OPP-01959,validation
OPP-00695,validation
OPP-00660,validation
OPP-00003,validation
OPP-00584,validation
OPP-00222,validation
OPP-01754,validation
OPP-02048,validation
OPP-01215,validation
OPP-01340,validation
OPP-02637,validation
OPP-02142,validation
OPP-01864,validation
OPP-02850,validation
OPP-02413,validation
OPP-02303,validation
OPP-00062,validation
OPP-00053,validation
OPP-02758,validation
OPP-02260,validation
OPP-00943,validation
OPP-02173,validation
OPP-01071,validation
OPP-02496,validation
OPP-00692,validation
OPP-02798,validation
OPP-01824,validation
OPP-01701,validation
OPP-01052,validation
OPP-00659,validation
OPP-02198,validation
OPP-01156,validation
OPP-00989,validation
OPP-01812,validation
OPP-01018,validation
OPP-02644,validation
OPP-00140,validation
OPP-00751,validation
OPP-02354,validation
OPP-00046,validation
OPP-02076,validation
OPP-00091,validation
OPP-00435,validation
OPP-00932,validation
OPP-00305,validation
OPP-00734,validation
OPP-00601,validation
OPP-01849,validation
OPP-01670,validation
OPP-00339,validation
OPP-01937,validation
OPP-02227,validation
OPP-01661,validation
OPP-00437,validation
OPP-00827,validation
OPP-02346,validation
OPP-02647,validation
OPP-00318,validation
OPP-01014,validation
OPP-00538,validation
OPP-02886,validation
OPP-00689,validation
OPP-01753,validation
OPP-02144,validation
OPP-00575,validation
OPP-02052,validation
OPP-01189,validation
OPP-00011,validation
OPP-01629,validation
OPP-01846,validation
OPP-00151,validation
OPP-01179,validation
OPP-02791,validation
OPP-00397,validation
OPP-02361,validation
OPP-00526,validation
OPP-02214,validation
OPP-00491,validation
OPP-01217,validation
OPP-01274,validation
OPP-00547,validation
OPP-00843,validation
OPP-02351,validation
OPP-00668,validation
OPP-02778,validation
OPP-01482,validation
OPP-00295,validation
OPP-01158,validation
OPP-00341,validation
OPP-02263,validation
OPP-00997,validation
OPP-01567,validation
OPP-02895,validation
OPP-00176,validation
OPP-01538,validation
OPP-02223,validation
OPP-01007,validation
OPP-02161,validation
OPP-02396,validation
OPP-02123,validation
OPP-00072,validation
OPP-00570,validation
OPP-02297,validation
OPP-02476,validation
OPP-00669,validation
OPP-00968,validation
OPP-02683,validation
OPP-01268,validation
OPP-01658,validation
OPP-00169,validation
OPP-00235,validation
OPP-02333,validation
OPP-01775,validation
OPP-00261,validation
OPP-00748,validation
OPP-02972,validation
OPP-02383,validation
OPP-02634,validation
OPP-01568,validation
OPP-01279,validation
OPP-01023,validation
OPP-02704,validation
OPP-00651,validation
OPP-00352,validation
OPP-00206,validation
OPP-00423,validation
OPP-01924,validation
OPP-02516,validation
OPP-02799,validation
OPP-01246,validation
OPP-00455,validation
OPP-01216,validation
OPP-00936,validation
OPP-00916,validation
OPP-02211,validation
OPP-02718,validation
OPP-02506,validation
OPP-01422,validation
OPP-02781,validation
OPP-02669,validation
OPP-00511,validation
OPP-01433,validation
OPP-01037,validation
OPP-01848,validation
OPP-01913,validation
OPP-01204,validation
OPP-00301,validation
OPP-00706,validation
OPP-00665,validation
OPP-01159,validation
OPP-02562,validation
OPP-01821,validation
OPP-00994,validation
OPP-00837,validation
OPP-02499,validation
OPP-01900,validation
OPP-00520,validation
OPP-02140,validation
OPP-02809,validation
OPP-00256,validation
OPP-01418,validation
OPP-00903,validation
OPP-00381,validation
OPP-00519,validation
OPP-02350,validation
OPP-02891,validation
OPP-01566,validation
OPP-00245,validation
OPP-02145,validation
OPP-00569,validation
OPP-00872,validation
OPP-02366,validation
OPP-02531,validation
OPP-02932,validation
OPP-00502,validation
OPP-02129,validation
OPP-02519,validation
OPP-00818,validation
OPP-01828,validation
OPP-01468,validation
OPP-01968,validation
OPP-00588,validation
OPP-01231,validation
OPP-01694,validation
OPP-02101,validation
OPP-00642,validation
OPP-00286,validation
OPP-01430,validation
OPP-01311,validation
OPP-02554,validation
OPP-01801,validation
OPP-01099,validation
OPP-01453,validation
OPP-00775,validation
OPP-01044,validation
OPP-00415,validation
OPP-02605,validation
OPP-02363,validation
OPP-02947,validation
OPP-00270,validation
OPP-02100,validation
OPP-00230,validation
OPP-00830,validation
OPP-01427,validation
OPP-02887,validation
OPP-02305,validation
OPP-01735,validation
OPP-01552,validation
OPP-00128,validation
OPP-02720,validation
OPP-01847,validation
OPP-01621,validation
OPP-00886,validation
OPP-02001,validation
OPP-02154,validation
OPP-01144,validation
OPP-02740,validation
OPP-00129,validation
OPP-01599,validation
OPP-01055,validation
OPP-02075,validation
OPP-00085,validation
OPP-00604,validation
OPP-01103,validation
OPP-01778,validation
OPP-02649,validation
OPP-00323,validation
OPP-00409,validation
OPP-02196,validation
OPP-00563,validation
OPP-00168,validation
OPP-00845,validation
OPP-02922,validation
OPP-01475,validation
OPP-00574,validation
OPP-00250,validation
OPP-00820,validation
OPP-01288,validation
OPP-00159,validation
OPP-00180,validation
OPP-00552,validation
OPP-01119,validation
OPP-00032,validation
OPP-01389,validation
OPP-00988,validation
OPP-00546,validation
OPP-00887,validation
OPP-00277,validation
OPP-02762,validation
OPP-02701,validation
OPP-00884,validation
OPP-01439,validation
OPP-00779,validation
OPP-01826,validation
OPP-00490,validation
OPP-02890,validation
OPP-02091,validation
OPP-00182,validation
OPP-01709,validation
OPP-00035,validation
OPP-02374,validation
OPP-00643,validation
OPP-01387,validation
OPP-02323,validation
OPP-02236,validation
OPP-00973,validation
OPP-01850,validation
OPP-00723,validation
OPP-02536,validation
OPP-02189,validation
OPP-00015,validation
OPP-02458,validation
OPP-00564,validation
OPP-01786,validation
OPP-02632,validation
OPP-01134,validation
OPP-02868,validation
OPP-00347,validation
OPP-02388,validation
OPP-01527,validation
OPP-00649,validation
OPP-02493,validation
OPP-01811,validation
OPP-00499,validation
OPP-00076,validation
OPP-02116,validation
OPP-02679,validation
OPP-00022,validation
OPP-02474,validation
OPP-01069,validation
OPP-01858,validation
OPP-02460,validation
OPP-00762,validation
OPP-00862,validation
OPP-02526,validation
OPP-01398,validation
OPP-00523,validation
OPP-02220,validation
OPP-00199,validation
OPP-01988,validation
OPP-01996,validation
OPP-00529,validation
OPP-00317,validation
OPP-02286,validation
OPP-00127,validation
OPP-01324,validation
OPP-02378,validation
OPP-00148,validation
OPP-02370,validation
OPP-01486,validation
OPP-02066,validation
OPP-00045,validation
OPP-01705,validation
OPP-02970,validation
OPP-00311,validation
OPP-01500,validation
OPP-01598,validation
OPP-02324,validation
OPP-01664,validation
OPP-00466,validation
OPP-00670,validation
OPP-02065,test
OPP-01466,test
OPP-02549,test
OPP-00984,test
OPP-01627,test
OPP-02716,test
OPP-01600,test
OPP-01540,test
OPP-01357,test
OPP-02640,test
OPP-01645,test
OPP-01960,test
OPP-00527,test
OPP-02645,test
OPP-02565,test
OPP-02926,test
OPP-02817,test
OPP-00631,test
OPP-01772,test
OPP-01606,test
OPP-02551,test
OPP-00592,test
OPP-00064,test
OPP-01633,test
OPP-02296,test
OPP-00637,test
OPP-00819,test
OPP-00315,test
OPP-01584,test
OPP-01784,test
OPP-00507,test
OPP-00432,test
OPP-00981,test
OPP-02858,test
OPP-02860,test
OPP-02653,test
OPP-01360,test
OPP-01792,test
OPP-02884,test
OPP-01005,test
OPP-02194,test
OPP-00947,test
OPP-00746,test
OPP-01612,test
OPP-02600,test
OPP-02258,test
OPP-00707,test
OPP-02654,test
OPP-02672,test
OPP-02185,test
OPP-00613,test
OPP-00220,test
OPP-00029,test
OPP-01734,test
OPP-00411,test
OPP-01975,test
OPP-02533,test
OPP-02127,test
OPP-01259,test
OPP-00312,test
OPP-00421,test
OPP-00242,test
OPP-02242,test
OPP-02171,test
OPP-00731,test
OPP-00702,test
OPP-02976,test
OPP-00005,test
OPP-00028,test
OPP-01791,test
OPP-02051,test
OPP-00882,test
OPP-02793,test
OPP-01207,test
OPP-00280,test
OPP-00360,test
OPP-00589,test
OPP-00351,test
OPP-02176,test
OPP-00634,test
OPP-00439,test
OPP-02273,test
OPP-01785,test
OPP-02395,test
OPP-02907,test
OPP-02749,test
OPP-00467,test
OPP-02423,test
OPP-02946,test
OPP-00678,test
OPP-02119,test
OPP-02969,test
OPP-01318,test
OPP-02342,test
OPP-00059,test
OPP-02041,test
OPP-00284,test
OPP-02009,test
OPP-02270,test
OPP-02117,test
OPP-00640,test
OPP-01535,test
OPP-01320,test
OPP-01353,test
OPP-02316,test
OPP-00671,test
OPP-02577,test
OPP-01032,test
OPP-02306,test
OPP-02512,test
OPP-00422,test
OPP-02624,test
OPP-01432,test
OPP-01248,test
OPP-00729,test
OPP-02200,test
OPP-02539,test
OPP-02569,test
OPP-01155,test
OPP-01716,test
OPP-00514,test
OPP-00034,test
OPP-02464,test
OPP-02734,test
OPP-01350,test
OPP-02131,test
OPP-01309,test
OPP-02764,test
OPP-00237,test
OPP-01978,test
OPP-01322,test
OPP-00051,test
OPP-00192,test
OPP-02202,test
OPP-02148,test
OPP-00682,test
OPP-01923,test
OPP-02517,test
OPP-02611,test
OPP-02288,test
OPP-01551,test
OPP-00974,test
OPP-01244,test
OPP-02602,test
OPP-01443,test
OPP-01994,test
OPP-02349,test
OPP-00871,test
OPP-02698,test
OPP-01015,test
OPP-02693,test
OPP-02913,test
OPP-01697,test
OPP-02826,test
OPP-02347,test
OPP-00503,test
OPP-00292,test
OPP-00420,test
OPP-00363,test
OPP-02950,test
OPP-01827,test
OPP-01656,test
OPP-02796,test
OPP-01414,test
OPP-00857,test
OPP-02511,test
OPP-01523,test
OPP-01964,test
OPP-00399,test
OPP-02931,test
OPP-02556,test
OPP-00344,test
OPP-01703,test
OPP-00131,test
OPP-00185,test
OPP-01630,test
OPP-02239,test
OPP-02815,test
OPP-00260,test
OPP-01086,test
OPP-01301,test
OPP-00387,test
OPP-01478,test
OPP-02217,test
OPP-00332,test
OPP-01234,test
OPP-01106,test
OPP-02938,test
OPP-00449,test
OPP-00809,test
OPP-02168,test
OPP-00038,test
OPP-00014,test
OPP-00883,test
OPP-01072,test
OPP-01614,test
OPP-02774,test
OPP-01817,test
OPP-00075,test
OPP-02538,test
OPP-01498,test
OPP-02909,test
OPP-01602,test
OPP-01576,test
OPP-01869,test
OPP-02919,test
OPP-00978,test
OPP-00715,test
OPP-02520,test
OPP-02359,test
OPP-02285,test
OPP-02157,test
OPP-02222,test
OPP-02839,test
OPP-01939,test
OPP-00201,test
OPP-01173,test
OPP-01757,test
OPP-02821,test
OPP-02842,test
OPP-01316,test
OPP-01022,test
OPP-02760,test
OPP-01385,test
OPP-00052,test
OPP-01605,test
OPP-02031,test
OPP-00530,test
OPP-00492,test
OPP-02824,test
OPP-00877,test
OPP-01332,test
OPP-01050,test
OPP-02386,test
OPP-01351,test
OPP-02522,test
OPP-00917,test
OPP-00794,test
OPP-01520,test
OPP-00956,test
OPP-00934,test
OPP-00155,test
OPP-01877,test
OPP-00205,test
OPP-02928,test
OPP-02422,test
OPP-01211,test
OPP-00055,test
OPP-00937,test
OPP-02825,test
OPP-00931,test
OPP-01750,test
OPP-01346,test
OPP-02561,test
OPP-00953,test
OPP-02417,test
OPP-02172,test
OPP-02251,test
OPP-00583,test
OPP-00154,test
OPP-01890,test
OPP-01186,test
OPP-00875,test
OPP-00870,test
OPP-01039,test
OPP-02667,test
OPP-00228,test
OPP-01359,test
OPP-02421,test
OPP-02312,test
OPP-02737,test
OPP-01914,test
OPP-01780,test
OPP-01405,test
OPP-02927,test
OPP-00070,test
OPP-01263,test
OPP-00611,test
OPP-01916,test
OPP-00995,test
OPP-01423,test
OPP-01083,test
OPP-00247,test
OPP-02929,test
OPP-01819,test
OPP-02714,test
OPP-01183,test
OPP-01688,test
OPP-01170,test
OPP-00010,test
OPP-01255,test
OPP-02537,test
OPP-00478,test
OPP-00482,test
OPP-02452,test
OPP-02572,test
OPP-02880,test
OPP-01682,test
OPP-02463,test
OPP-01681,test
OPP-01549,test
OPP-01886,test
OPP-00622,test
OPP-00863,test
OPP-02974,test
OPP-01105,test
OPP-01325,test
OPP-01572,test
OPP-00340,test
OPP-00945,test
OPP-01715,test
OPP-01698,test
OPP-00696,test
OPP-02097,test
OPP-00840,test
OPP-02414,test
OPP-02581,test
OPP-02889,test
OPP-00535,test
OPP-01444,test
OPP-01805,test
OPP-02694,test
OPP-00598,test
OPP-01194,test
OPP-01386,test
OPP-00812,test
OPP-02956,test
OPP-02655,test
OPP-02897,test
OPP-01271,test
OPP-02543,test
OPP-02991,test
OPP-00733,test
OPP-01773,test
OPP-02789,test
OPP-02141,test
OPP-00612,test
OPP-01374,test
OPP-01852,test
OPP-02147,test
OPP-01874,test
OPP-02410,test
OPP-01954,test
OPP-02587,test
OPP-00852,test
OPP-01140,test
OPP-01364,test
OPP-02307,test
OPP-01038,test
OPP-01973,test
OPP-01997,test
OPP-00289,test
OPP-02429,test
OPP-02302,test
OPP-01783,test
OPP-00419,test
OPP-00621,test
OPP-00099,test
OPP-00957,test
OPP-02619,test
OPP-02524,test
OPP-00605,test
OPP-00377,test
OPP-01571,test
OPP-01626,test
OPP-01517,test
OPP-00024,test
OPP-02203,test
OPP-00781,test
OPP-00313,test
OPP-00225,test
OPP-02294,test
OPP-00759,test
OPP-01010,test
OPP-01011,test
OPP-01120,test
OPP-02730,test
OPP-00442,test
OPP-01291,test
OPP-02016,test
OPP-00776,test
OPP-01330,test
OPP-02719,test
OPP-00787,test
OPP-00924,test
OPP-01033,test
OPP-01838,test
OPP-00792,test
OPP-02862,test
OPP-00935,test
OPP-01800,test
OPP-00294,test
OPP-00229,test
OPP-02508,test
OPP-00158,test
OPP-02673,test
OPP-00788,test
OPP-02553,test
OPP-00744,test
OPP-02509,test
OPP-01675,test
OPP-01257,test
OPP-02105,test
OPP-00460,test
OPP-02732,test
OPP-02376,test
OPP-01222,test
OPP-02677,test
OPP-00597,test
OPP-01825,test
OPP-01110,test
OPP-00194,test
OPP-01704,test
OPP-01328,test
OPP-00385,test
OPP-02608,test
OPP-00244,test
OPP-01565,test
OPP-02787,test
OPP-02170,test
OPP-02245,test
OPP-01667,test
OPP-02530,test
OPP-02921,test
OPP-02736,test
OPP-01403,test
OPP-00386,test
OPP-02529,test
OPP-01569,test
OPP-00149,test
OPP-01539,test
OPP-01030,test
OPP-01080,test
OPP-01375,test
OPP-00374,test
OPP-01637,test
OPP-00329,test
OPP-00259,test
OPP-01254,test
OPP-00002,test
OPP-00018,test
OPP-01618,test
OPP-01416,test
OPP-01269,test
OPP-01228,test
OPP-01285,test
OPP-00081,test
OPP-01166,test
OPP-01732,test
OPP-00724,test
OPP-01388,test
OPP-02953,test
OPP-02332,test
OPP-00910,test
OPP-02756,test
OPP-01181,test
OPP-00410,test
OPP-00914,test
OPP-01508,test
OPP-00817,test
OPP-01934,test
OPP-01889,test
OPP-00874,test
OPP-00026,test
OPP-02497,test
OPP-01093,test
OPP-02933,test
OPP-00854,test
OPP-01740,test
OPP-02162,test
OPP-02911,test
OPP-01012,test
OPP-02443,test
OPP-01297,test
OPP-00226,test
OPP-00020,test
OPP-01002,test
OPP-02735,test
OPP-02620,test
OPP-02405,test
OPP-02957,test
OPP-01479,test
OPP-01863,test
OPP-02044,test
OPP-01615,test
OPP-02997,test
OPP-01653,test
OPP-02027,test
OPP-01282,test
OPP-01808,test
OPP-01684,test
OPP-01536,test
OPP-02741,test
OPP-00463,test
OPP-01109,test
OPP-02047,test
OPP-02022,test
OPP-02708,test
OPP-01686,test
OPP-02015,test
OPP-01377,test
OPP-02377,test
OPP-00561,test
OPP-02507,test
OPP-01678,test
OPP-00255,test
OPP-02498,test
OPP-00969,test
OPP-01878,test
OPP-02670,test
OPP-02026,test
OPP-00290,test
OPP-02399,test
OPP-00083,test
OPP-02355,test
OPP-01253,test
OPP-00348,test
OPP-00793,test
OPP-01059,test
OPP-00452,test
OPP-01980,test
OPP-00554,test
OPP-00307,test
OPP-02592,test
OPP-01607,test
OPP-02072,test
OPP-01833,test
OPP-02225,test
OPP-02903,test
OPP-02340,test
OPP-02852,test
OPP-02331,test
OPP-00835,test
OPP-02353,test
OPP-00430,test
OPP-01235,test
OPP-01089,test
OPP-00986,test
OPP-00582,test
OPP-00808,test
OPP-00308,test
OPP-01522,test
OPP-01922,test
OPP-00766,test
OPP-01764,test
OPP-00661,test
OPP-02784,test
OPP-01016,test
OPP-02617,test
OPP-01873,test
OPP-00013,test
OPP-00992,test
OPP-01781,test
OPP-01795,test
OPP-01003,test
OPP-02604,test
OPP-01693,test
OPP-02428,test
OPP-01127,test
OPP-00721,test
OPP-02585,test
OPP-00170,test
OPP-02610,test
OPP-00767,test
OPP-01149,test
OPP-01220,test
OPP-01008,test
OPP-00615,test
OPP-00287,test
OPP-02210,test
OPP-00144,test
OPP-02684,test
OPP-02265,test
OPP-01820,test
OPP-02680,test
OPP-02853,test
OPP-02385,test
OPP-01413,test
OPP-02917,test
OPP-02284,test
OPP-00249,test
OPP-00469,test
OPP-00375,test
OPP-01392,test
OPP-01139,test
OPP-01518,test
OPP-00117,test
OPP-02831,test
OPP-00691,test
OPP-02442,test
OPP-00400,test
OPP-02805,test
OPP-01868,test
OPP-00198,test
OPP-00227,test
OPP-02854,test
OPP-02477,test
OPP-00061,test
OPP-01085,test
OPP-02149,test
OPP-02638,test
OPP-00130,test
OPP-00954,test
OPP-02054,test
OPP-00043,test
OPP-02996,test
OPP-02175,test
OPP-02061,test
OPP-01787,test
OPP-02813,test
OPP-00302,test
OPP-01679,test
OPP-02087,test
OPP-02752,test
OPP-01182,test
OPP-01807,test
OPP-02178,test
OPP-00844,test
OPP-01400,test
OPP-00450,test
OPP-02177,test
OPP-01515,test
OPP-00184,test
OPP-02205,test
OPP-00246,test
OPP-02724,test
OPP-02606,test
OPP-01203,test
OPP-01477,test
OPP-00754,test
OPP-02780,test
OPP-00306,test
OPP-00911,test
OPP-02381,test
OPP-01079,test
OPP-01896,test
OPP-01710,test
OPP-02250,test
OPP-01761,test
OPP-01733,test
OPP-02700,test
OPP-01999,test
OPP-02521,test
OPP-01344,test
OPP-00889,test
OPP-00138,test
OPP-00193,test
OPP-00876,test
OPP-02165,test
OPP-00718,test
OPP-00378,test
OPP-02281,test
OPP-02246,test
OPP-02665,test
OPP-02401,test
OPP-02049,test
OPP-01747,test
OPP-02952,test
OPP-00821,test
OPP-01843,test
OPP-02268,test
OPP-00480,test
OPP-01312,test
OPP-02743,test
OPP-00025,test
OPP-01983,test
OPP-02390,test
OPP-02849,test
OPP-02206,test
OPP-00532,test
OPP-02257,test
OPP-02747,test
OPP-01982,test
OPP-02832,test
OPP-01604,test
OPP-01411,test
OPP-02380,test
OPP-01594,test
OPP-02137,test
OPP-02836,test
OPP-00855,test
OPP-00645,test
OPP-00816,test
OPP-00445,test
OPP-01582,test
OPP-01905,test
OPP-00842,test
OPP-02616,test
OPP-01150,test
OPP-00309,test
OPP-00440,test
OPP-00370,test
OPP-02871,test
OPP-01611,test
OPP-01458,test
OPP-00714,test
OPP-02248,test
OPP-01654,test
OPP-01457,test
OPP-01446,test
OPP-00892,test
OPP-02113,test
OPP-01854,test
OPP-00922,test
OPP-00761,test
OPP-00484,test
OPP-02767,test
OPP-02639,test
OPP-01717,test
OPP-00800,test
OPP-00337,test
OPP-02215,test
OPP-00958,test
OPP-00031,test
OPP-00590,test
OPP-00009,test
OPP-00349,test
OPP-00609,test
OPP-00838,test
OPP-00518,test
OPP-00528,test
OPP-02629,test
OPP-01240,test
OPP-02128,test
OPP-00215,test
OPP-02059,test
OPP-01516,test
OPP-01082,test
OPP-01126,test
OPP-01006,test
OPP-02278,test
OPP-02412,test
OPP-02360,test
OPP-02002,test
OPP-01662,test
OPP-00425,test
OPP-01951,test
OPP-00901,test
OPP-00753,test
OPP-01818,test
OPP-00791,test
OPP-02216,test
OPP-02235,test
OPP-02136,test
OPP-00630,test
OPP-02341,test
OPP-01650,test
OPP-02190,test
OPP-00639,test
OPP-00850,test
